{"Multi-NB": [{"NEG": {"precision": 0.7104136947218259, "recall": 0.6352040816326531, "f1-score": 0.6707070707070707, "support": 1568}, "NEU": {"precision": 0.3203559510567297, "recall": 0.3235955056179775, "f1-score": 0.32196757965343764, "support": 890}, "POS": {"precision": 0.8319538500125407, "recall": 0.8660574412532637, "f1-score": 0.8486631700140719, "support": 3830}, "accuracy": 0.7317111959287532, "macro avg": {"precision": 0.6209078319303655, "recall": 0.6082856761679647, "f1-score": 0.6137792734581934, "support": 6288}, "weighted avg": {"precision": 0.7292348465827518, "recall": 0.7317111959287532, "f1-score": 0.729739149795506, "support": 6288}}]}